{"cameraMode":{"drawMode":0,"name":"Shaded","section":"Shading Mode"},"sceneLighting":false,"audioPlay":false,"sceneViewState":{"showFog":true,"showMaterialUpdate":false,"showSkybox":false,"showFlares":true,"showImageEffects":true,"showParticleSystems":true},"in2DMode":false,"pivot":{"x":9.520000457763672,"y":0.0,"z":30.84000015258789},"rotation":{"x":0.10038144886493683,"y":0.18397308886051179,"z":-0.01883287914097309,"w":0.9776578545570374},"size":8.083316802978516,"orthographic":false}