{"cameraMode":{"drawMode":0,"name":"Shaded","section":"Shading Mode"},"sceneLighting":false,"audioPlay":false,"sceneViewState":{"showFog":true,"showMaterialUpdate":false,"showSkybox":false,"showFlares":true,"showImageEffects":true,"showParticleSystems":true},"in2DMode":false,"pivot":{"x":-0.008584201335906983,"y":0.003146529197692871,"z":0.023479700088500978},"rotation":{"x":-0.019084440544247628,"y":0.9755021333694458,"z":-0.0942501500248909,"w":-0.198140949010849},"size":1.8557673692703248,"orthographic":false}