{"cameraMode":{"drawMode":0,"name":"Shaded","section":"Shading Mode"},"sceneLighting":true,"audioPlay":false,"sceneViewState":{"showFog":true,"showMaterialUpdate":false,"showSkybox":true,"showFlares":true,"showImageEffects":true,"showParticleSystems":true},"in2DMode":false,"pivot":{"x":-1009.5675048828125,"y":3.6435604095458986,"z":99.18048858642578},"rotation":{"x":-0.28792980313301089,"y":0.1989506334066391,"z":-0.061434466391801837,"w":-0.9348529577255249},"size":9.738449096679688,"orthographic":false}