{"cameraMode":{"drawMode":0,"name":"Shaded","section":"Shading Mode"},"sceneLighting":true,"audioPlay":false,"sceneViewState":{"showFog":true,"showMaterialUpdate":false,"showSkybox":true,"showFlares":true,"showImageEffects":true,"showParticleSystems":true},"in2DMode":false,"pivot":{"x":1.3227064609527588,"y":0.5348981618881226,"z":-1.3838082551956177},"rotation":{"x":-0.0236769188195467,"y":-0.9696868062019348,"z":0.10394620150327683,"w":-0.2200995534658432},"size":7.206608772277832,"orthographic":false}