{"cameraMode":{"drawMode":0,"name":"Shaded","section":"Shading Mode"},"sceneLighting":true,"audioPlay":false,"sceneViewState":{"showFog":true,"showMaterialUpdate":false,"showSkybox":true,"showFlares":true,"showImageEffects":true,"showParticleSystems":true},"in2DMode":false,"pivot":{"x":33.73360061645508,"y":9.772513389587403,"z":22.453231811523439},"rotation":{"x":0.03715134412050247,"y":0.9560139179229736,"z":-0.13892775774002076,"w":0.2556525766849518},"size":30.491037368774415,"orthographic":false}